ParamName,Value
P_min,1.6999999999999997
P_max,3.55
C_var,26.845141319999996
C_fix,691.2254597697665
